state,district,census_code,composite_score,composite_group,domain_score,domain_group,state_group,region,region_group
Andaman Nicobar Islands,Nicobar,35001.0,0.5757717490671338,2,0.5805943977067602,3,0,South,4
Andaman Nicobar Islands,North  & Middle Andaman,35002.0,0.6045210868167618,4,0.6002363706707109,3,0,South,4
Andaman Nicobar Islands,South Andaman,35003.0,0.6493700005635843,6,0.6953673785493837,7,0,South,4
Andhra Pradesh,Anantapur,28012.0,0.6223885849222722,5,0.6484374480379664,5,1,South,4
Andhra Pradesh,Chittoor,28013.0,0.6219657140314667,5,0.6533932326935938,5,1,South,4
Andhra Pradesh,East Godavari,28004.0,0.5215152868899147,1,0.5929249184271238,3,1,South,4
Andhra Pradesh,Guntur,28007.0,0.6065078687009482,4,0.6519644226856844,5,1,South,4
Andhra Pradesh,Krishna,28006.0,0.6395760867528305,5,0.685228627071323,6,1,South,4
Andhra Pradesh,Kurnool,28011.0,0.571122825156819,2,0.6060808639303418,3,1,South,4
Andhra Pradesh,Prakasam,28008.0,0.5272415241679326,1,0.5963334409879807,3,1,South,4
Andhra Pradesh,Srikakulam,28001.0,0.6207080154255848,5,0.6315398205956158,4,1,South,4
Andhra Pradesh,Sri Potti Sriramulu Nellore,28009.0,0.5888406206128463,3,0.6298265936530996,4,1,South,4
Andhra Pradesh,Visakhapatnam,28003.0,0.6144943794279588,4,0.6348581418595263,4,1,South,4
Andhra Pradesh,Vizianagaram,28002.0,0.6299959250914997,5,0.6237715909860038,4,1,South,4
Andhra Pradesh,West Godavari,28005.0,0.6194504564679654,5,0.6565505286941475,5,1,South,4
Andhra Pradesh,Y.S.R.,28010.0,0.6285320769238938,5,0.6693275177338293,6,1,South,4
Arunachal Pradesh,Anjaw,12016.0,0.4940652955960629,0,0.49685525150687393,0,2,North-East,3
Arunachal Pradesh,Changlang,12009.0,0.5558792580936791,2,0.5334161517809629,1,2,North-East,3
Arunachal Pradesh,Dibang Valley,12013.0,0.5386126983562985,1,0.5296157467604156,1,2,North-East,3
Arunachal Pradesh,East Kameng,12003.0,0.4767095042178913,0,0.47374763390898994,0,2,North-East,3
Arunachal Pradesh,East Siang,12007.0,0.4729730539279279,0,0.5347998511300652,1,2,North-East,3
Arunachal Pradesh,Kra Daadi,,0.5043966087170257,0,0.5513478651797785,2,2,North-East,3
Arunachal Pradesh,Kurung Kumey,12012.0,0.5302289963683796,1,0.5496497047354058,2,2,North-East,3
Arunachal Pradesh,Lohit,12015.0,0.5676374043618468,2,0.5793605670972706,3,2,North-East,3
Arunachal Pradesh,Longding,,0.47743021386329404,0,0.466416355550319,0,2,North-East,3
Arunachal Pradesh,Lower Dibang Valley,12014.0,0.5682285493792836,2,0.5780499514498295,3,2,North-East,3
Arunachal Pradesh,Lower Subansiri,12011.0,0.5432199159722674,1,0.5924057370380957,3,2,North-East,3
Arunachal Pradesh,Namsai,,0.5008635307855385,0,0.4920937576094403,0,2,North-East,3
Arunachal Pradesh,Papum Pare,12004.0,0.5086785538333242,0,0.5588476664031028,2,2,North-East,3
Arunachal Pradesh,Siang,,0.5304785600492571,1,0.5493187754757534,2,2,North-East,3
Arunachal Pradesh,Tawang,12001.0,0.5501315805475238,1,0.5922443447465091,3,2,North-East,3
Arunachal Pradesh,Tirap,12010.0,0.4994653936627229,0,0.5453463040916234,1,2,North-East,3
Arunachal Pradesh,Upper Siang,12008.0,0.4733892492234017,0,0.5091279603385642,0,2,North-East,3
Arunachal Pradesh,Upper Subansiri,12005.0,0.4762594880756459,0,0.46555409949437915,0,2,North-East,3
Arunachal Pradesh,West Kameng,12002.0,0.5179377912186482,1,0.5779752866903859,2,2,North-East,3
Arunachal Pradesh,West Siang,12006.0,0.46948541120506826,0,0.510717215944522,0,2,North-East,3
Assam,Baksa,18025.0,0.5546789533264843,2,0.5524891037565698,2,3,North-East,3
Assam,Barpeta,18004.0,0.5499646557508951,1,0.5499218120533603,2,3,North-East,3
Assam,Biswanath,,0.5575263722900157,2,0.5253641269029289,1,3,North-East,3
Assam,Bongaigaon,18020.0,0.5717806394521604,2,0.5876609437177225,3,3,North-East,3
Assam,Cachar,18017.0,0.517274294156777,1,0.46345599858524256,0,3,North-East,3
Assam,Charaideo,,0.571223461969406,2,0.5456298692771461,1,3,North-East,3
Assam,Chirang,18021.0,0.5718955218842484,2,0.5742921352039153,2,3,North-East,3
Assam,Darrang,18026.0,0.5314317022286554,1,0.5354859185854393,1,3,North-East,3
Assam,Dhemaji,18009.0,0.6028882074374831,4,0.5583862684257679,2,3,North-East,3
Assam,Dhubri,18002.0,0.5412058523242063,1,0.5410520049524561,1,3,North-East,3
Assam,Dibrugarh,18011.0,0.5882560169811148,3,0.5727320006187474,2,3,North-East,3
Assam,Dima Hasao,18016.0,0.5589918485953556,2,0.5342107337223065,1,3,North-East,3
Assam,Goalpara,18003.0,0.6050451423377915,4,0.5799061905557876,3,3,North-East,3
Assam,Golaghat,18014.0,0.5800115265110577,3,0.5695927767588518,2,3,North-East,3
Assam,Hailakandi,18019.0,0.5251338123791034,1,0.4801138957523813,0,3,North-East,3
Assam,Hojai,,0.4957589714435058,0,0.5400917539081144,1,3,North-East,3
Assam,Jorhat,18013.0,0.5472981929659047,1,0.5718562206759336,2,3,North-East,3
Assam,Kamrup,18022.0,0.5018776441796813,0,0.5342109880665599,1,3,North-East,3
Assam,Kamrup Metropolitan,18023.0,0.5423008528057629,1,0.5907590581268916,3,3,North-East,3
Assam,Karbi Anglong,18015.0,0.5215994636543398,1,0.5175833812061298,1,3,North-East,3
Assam,Karimganj,18018.0,0.5634455590931304,2,0.5099718420787135,0,3,North-East,3
Assam,Kokrajhar,18001.0,0.5510433848165688,1,0.5423092403609909,1,3,North-East,3
Assam,Lakhimpur,18008.0,0.5951017091141261,3,0.576747182676842,2,3,North-East,3
Assam,Majuli,,0.5744798316089352,2,0.5442031816292693,1,3,North-East,3
Assam,Morigaon,18005.0,0.5773622017693061,3,0.559051013250747,2,3,North-East,3
Assam,Nagaon,18006.0,0.5222872233699014,1,0.5445853716071706,1,3,North-East,3
Assam,Nalbari,18024.0,0.545101444209938,1,0.5801103058871083,3,3,North-East,3
Assam,Sivasagar,18012.0,0.5897811663907281,3,0.5970715083673982,3,3,North-East,3
Assam,Sonitpur,18007.0,0.567253099795637,2,0.5506720031699345,2,3,North-East,3
Assam,South Salmara Mancachar,,0.562707176413988,2,0.5212928444961729,1,3,North-East,3
Assam,Tinsukia,18010.0,0.5510818379745783,2,0.5451556193139481,1,3,North-East,3
Assam,Udalguri,18027.0,0.4951517335090582,0,0.5055206699657149,0,3,North-East,3
Assam,West Karbi Anglong,,0.5255371627386545,1,0.47900072732548543,0,3,North-East,3
Bihar,Araria,10007.0,0.41427714065494475,0,0.40857715350287815,0,4,East,1
Bihar,Arwal,10038.0,0.5406405398033195,1,0.5168291096489755,1,4,East,1
Bihar,Aurangabad,10033.0,0.5722484621574054,2,0.5524442810547616,2,4,East,1
Bihar,Banka,10023.0,0.5177529632511803,1,0.4974228311489723,0,4,East,1
Bihar,Begusarai,10020.0,0.49975592674409386,0,0.5198243912423594,1,4,East,1
Bihar,Bhagalpur,10022.0,0.4992586742914566,0,0.5061944697726923,0,4,East,1
Bihar,Bhojpur,10029.0,0.5082801785610377,0,0.5144795589261352,1,4,East,1
Bihar,Buxer,,0.5507263030414423,1,0.5528947035266162,2,4,East,1
Bihar,Darbhanga,10013.0,0.4661683851787622,0,0.47831446170161157,0,4,East,1
Bihar,Gaya,10034.0,0.5471831695106131,1,0.5249142704426588,1,4,East,1
Bihar,Gopalganj,10015.0,0.5362337537959717,1,0.5392983803642954,1,4,East,1
Bihar,Jamui,10036.0,0.5053219792037914,0,0.482303594410775,0,4,East,1
Bihar,Jehanabad,10037.0,0.5413493679082522,1,0.5275822803549816,1,4,East,1
Bihar,Kaimur (Bhabua),10031.0,0.6024071008423451,4,0.568570297650403,2,4,East,1
Bihar,Katihar,10010.0,0.4397450339020589,0,0.43240166085835324,0,4,East,1
Bihar,Khagaria,10021.0,0.45457522839445763,0,0.470736985431402,0,4,East,1
Bihar,Kishanganj,10008.0,0.42434954304338296,0,0.4344519895101725,0,4,East,1
Bihar,Lakhisarai,10025.0,0.4894797025960093,0,0.49519659550779666,0,4,East,1
Bihar,Madhepura,10011.0,0.48273195482106834,0,0.4575408522304286,0,4,East,1
Bihar,Madhubani,10005.0,0.4842742490002918,0,0.4856700517075444,0,4,East,1
Bihar,Munger,10024.0,0.5370959275601832,1,0.5660986799112635,2,4,East,1
Bihar,Muzaffarpur,10014.0,0.5033766928836564,0,0.5146962361092927,1,4,East,1
Bihar,Nalanda,10027.0,0.5188020120820503,1,0.5139208084789821,1,4,East,1
Bihar,Nawada,10035.0,0.5350840539913876,1,0.522786144780915,1,4,East,1
Bihar,Pashchim Champaran,10001.0,0.44433353229135264,0,0.44736882017397067,0,4,East,1
Bihar,Patna,10028.0,0.4883729469882428,0,0.5306289713437651,1,4,East,1
Bihar,Purba Champaran,10002.0,0.4290897701054852,0,0.44879941036519977,0,4,East,1
Bihar,Purnia,10009.0,0.3985939484957347,0,0.39957002994332774,0,4,East,1
Bihar,Rohtas,10032.0,0.6041891557543503,4,0.6012939992467284,3,4,East,1
Bihar,Saharsa,10012.0,0.4611627370353748,0,0.45138563157232675,0,4,East,1
Bihar,Samastipur,10019.0,0.507707206375643,0,0.5007557757915881,0,4,East,1
Bihar,Saran,10017.0,0.48403423452492894,0,0.47817376784319,0,4,East,1
Bihar,Sheikhpura,10026.0,0.5480413996766647,1,0.5286626786338083,1,4,East,1
Bihar,Sheohar,10003.0,0.50769094255354,0,0.5050503283043758,0,4,East,1
Bihar,Sitamarhi,10004.0,0.45813137061039705,0,0.46731259330163255,0,4,East,1
Bihar,Siwan,10016.0,0.5116666545335719,0,0.5327259219925026,1,4,East,1
Bihar,Supaul,10006.0,0.4923175982408317,0,0.46746980714950226,0,4,East,1
Bihar,Vaishali,10018.0,0.4899202118949717,0,0.5074761460387129,0,4,East,1
Chhattisgarh,Balod,,0.6930503463140847,7,0.6831643246783476,6,5,Central,0
Chhattisgarh,Baloda Bazar,,0.6123529071017644,4,0.6090515002934018,4,5,Central,0
Chhattisgarh,Balrampur,,0.5631711276629844,2,0.5171418131724927,1,5,Central,0
Chhattisgarh,Bastar,22015.0,0.5290143249667706,1,0.5076923250499895,0,5,Central,0
Chhattisgarh,Bemetara,,0.66146788955964,6,0.6389445542046289,5,5,Central,0
Chhattisgarh,Bijapur,22018.0,0.5383486818655444,1,0.4420172447709462,0,5,Central,0
Chhattisgarh,Bilaspur,22007.0,0.5416005733462879,1,0.5726708288458081,2,5,Central,0
Chhattisgarh,Dantewada,22017.0,0.6140094516315161,4,0.5560544836590416,2,5,Central,0
Chhattisgarh,Dhamtari,22013.0,0.6809055687695142,7,0.6823489416886047,6,5,Central,0
Chhattisgarh,Durg,22010.0,0.666493452848441,7,0.688300730987966,6,5,Central,0
Chhattisgarh,Gariyaband,,0.6435378299529959,6,0.6216121276328405,4,5,Central,0
Chhattisgarh,Janjgir - Champa,22006.0,0.6241594031066753,5,0.6172438131071456,4,5,Central,0
Chhattisgarh,Jashpur,22003.0,0.594422859419927,3,0.5635897656171864,2,5,Central,0
Chhattisgarh,Kabeerdham,22008.0,0.6700124120226517,7,0.6391818236951416,5,5,Central,0
Chhattisgarh,Kodagaon,,0.5992936298998093,4,0.5644290850201499,2,5,Central,0
Chhattisgarh,Korba,22005.0,0.5454456444396144,1,0.55014662918271,2,5,Central,0
Chhattisgarh,Koriya,22001.0,0.5927426796634343,3,0.5745559893649095,2,5,Central,0
Chhattisgarh,Mahasamund,22012.0,0.6652297253092238,6,0.6476123022534781,5,5,Central,0
Chhattisgarh,Mungeli,,0.6157970188732744,4,0.6087746403548107,4,5,Central,0
Chhattisgarh,Narayanpur,22016.0,0.6024117263860163,4,0.5210811703567743,1,5,Central,0
Chhattisgarh,Raigarh,22004.0,0.6261577290737865,5,0.6097272049571756,4,5,Central,0
Chhattisgarh,Raipur,22011.0,0.6611237696697893,6,0.6719743313898539,6,5,Central,0
Chhattisgarh,Rajnandgaon,22009.0,0.6776303631458038,7,0.6541935368660944,5,5,Central,0
Chhattisgarh,Sukma,,0.5823770192058276,3,0.48821067255826556,0,5,Central,0
Chhattisgarh,Surajpur,,0.5718091047711443,2,0.5481568586043505,1,5,Central,0
Chhattisgarh,Surguja,22002.0,0.5889599782204821,3,0.5782355982687912,3,5,Central,0
Chhattisgarh,Uttar Bastar Kanker,22014.0,0.6822053866926029,7,0.6629766458479917,6,5,Central,0
Dadra Nagar Haveli Daman Diu,Dadra & Nagar Haveli,26001.0,0.6684957340399668,7,0.6442552459829064,5,6,West,5
Dadra Nagar Haveli Daman Diu,Daman,,0.5812241237161601,3,0.6188851144894232,4,6,West,5
Dadra Nagar Haveli Daman Diu,Diu,,0.7204340634940339,7,0.7470407608269778,7,6,West,5
Goa,North Goa,30001.0,0.6617161312607145,6,0.7300513221345628,7,7,West,5
Goa,South Goa,30002.0,0.6915133614509863,7,0.7442443657346078,7,7,West,5
Gujarat,Ahmedabad,24007.0,0.6115122730563761,4,0.6694171414422305,6,8,West,5
Gujarat,Amreli,24013.0,0.6277640591299071,5,0.6446372859824011,5,8,West,5
Gujarat,Anand,24015.0,0.5755256980640651,2,0.614074964897655,4,8,West,5
Gujarat,Aravali,,0.5654584238956546,2,0.5719720533829407,2,8,West,5
Gujarat,Banaskantha,24002.0,0.4963008550197879,0,0.5044603092638102,0,8,West,5
Gujarat,Bharuch,24021.0,0.5327067347321826,1,0.581887343425317,3,8,West,5
Gujarat,Bhavnagar,24014.0,0.5646549208695101,2,0.5860331439613943,3,8,West,5
Gujarat,Botad,,0.5904277946160063,3,0.6144577032943054,4,8,West,5
Gujarat,Chhota Udaipur,,0.6207035388215992,5,0.5696998256813265,2,8,West,5
Gujarat,Dahod,24018.0,0.5610139470745242,2,0.504557311392778,0,8,West,5
Gujarat,Devbhumi Dwarka,,0.5810609731912736,3,0.5843973558087809,3,8,West,5
Gujarat,Gandhinagar,24006.0,0.5502123349037776,1,0.6113921296776212,4,8,West,5
Gujarat,Gir Somnath,,0.632180124915268,5,0.6302482485695632,4,8,West,5
Gujarat,Jamnagar,24010.0,0.691475160302485,7,0.7112006541073389,7,8,West,5
Gujarat,Junagadh,24012.0,0.6104244415494103,4,0.6385746027800157,5,8,West,5
Gujarat,Kachchh,24001.0,0.6308309931297915,5,0.6492623846696652,5,8,West,5
Gujarat,Kheda,24016.0,0.5127736217674782,0,0.5376406555900937,1,8,West,5
Gujarat,Mahesana,24004.0,0.49040471409150244,0,0.548321782878588,1,8,West,5
Gujarat,Mahisagar,,0.621732842440813,5,0.5925689346180597,3,8,West,5
Gujarat,Morbi,,0.5993121739167219,4,0.6385872519526966,5,8,West,5
Gujarat,Narmada,24020.0,0.6151391678079263,4,0.5760121810829395,2,8,West,5
Gujarat,Navsari,24023.0,0.6797431504391672,7,0.6894219349759985,7,8,West,5
Gujarat,Panchmahal,24017.0,0.5913536277689985,3,0.5770774750715804,2,8,West,5
Gujarat,Patan,24003.0,0.6162509988002122,4,0.6294982333426588,4,8,West,5
Gujarat,Porbandar,24011.0,0.6872467627338946,7,0.7009606283207649,7,8,West,5
Gujarat,Rajkot,24009.0,0.6758922319605024,7,0.7035316491025148,7,8,West,5
Gujarat,Sabarkantha,24005.0,0.5811770623719078,3,0.5866843806357906,3,8,West,5
Gujarat,Surat,24025.0,0.6619160801173338,6,0.6930331678142125,7,8,West,5
Gujarat,Surendranagar,24008.0,0.5634328485029255,2,0.587713637456343,3,8,West,5
Gujarat,Tapi,24026.0,0.6390642053517559,5,0.6372389078801294,5,8,West,5
Gujarat,The Dangs,24022.0,0.642118183977856,5,0.600860337933131,3,8,West,5
Gujarat,Vadodara,24019.0,0.6011030397164948,4,0.6596137175962363,6,8,West,5
Gujarat,Valsad,24024.0,0.6613452449749101,6,0.689618440148687,7,8,West,5
Haryana,Ambala,6002.0,0.6194921540666987,5,0.6745960022039041,6,9,North,2
Haryana,Bhiwani,6013.0,0.6507866303457372,6,0.6561654618440718,5,9,North,2
Haryana,Charkhi Dadri,,0.662268649942359,6,0.6731775210969235,6,9,North,2
Haryana,Faridabad,6020.0,0.6280220129038697,5,0.6774773907597971,6,9,North,2
Haryana,Fatehabad,6010.0,0.6630335729374737,6,0.6668470331333383,6,9,North,2
Haryana,Gurgaon,6018.0,0.6181459008413983,4,0.6652594798308596,6,9,North,2
Haryana,Hisar,6012.0,0.642955556093696,6,0.6525132823453704,5,9,North,2
Haryana,Jhajjar,6015.0,0.6874648675448902,7,0.7059646641226556,7,9,North,2
Haryana,Jind,6009.0,0.650275788085538,6,0.653222785939855,5,9,North,2
Haryana,Kaithal,6005.0,0.6506589101834515,6,0.6642871024619588,6,9,North,2
Haryana,Karnal,6006.0,0.720114871613868,7,0.7219809537781275,7,9,North,2
Haryana,Kurukshetra,6004.0,0.636060898683751,5,0.6795500564848718,6,9,North,2
Haryana,Mahendragarh,6016.0,0.6310822344912789,5,0.6437905971820332,5,9,North,2
Haryana,Mewat,6019.0,0.5027390367000252,0,0.49717309485012207,0,9,North,2
Haryana,Palwal,6021.0,0.589103959861114,3,0.5985890434832623,3,9,North,2
Haryana,Panchkula,6001.0,0.6715595403797427,7,0.704108812670463,7,9,North,2
Haryana,Panipat,6007.0,0.6136054314641359,4,0.6495301833281263,5,9,North,2
Haryana,Rewari,6017.0,0.651854115314847,6,0.6708179350142616,6,9,North,2
Haryana,Rohtak,6014.0,0.6432999282704613,6,0.6745954826079175,6,9,North,2
Haryana,Sirsa,6011.0,0.6180905332499609,4,0.6317203708020026,4,9,North,2
Haryana,Sonipat,6008.0,0.643564758826162,6,0.669961273936578,6,9,North,2
Haryana,Yamunanagar,6003.0,0.6336475291191307,5,0.6821260330609998,6,9,North,2
Himachal Pradesh,Bilaspur,2008.0,0.6884515394877236,7,0.688024858913515,6,10,North,2
Himachal Pradesh,Chamba,2001.0,0.6941952885423471,7,0.6746375844262341,6,10,North,2
Himachal Pradesh,Hamirpur,2006.0,0.6099047333749509,4,0.6661511519786293,6,10,North,2
Himachal Pradesh,Kangra,2002.0,0.6274784395330102,5,0.6556444544895659,5,10,North,2
Himachal Pradesh,Kinnaur,2012.0,0.6916795685066438,7,0.6892540129373287,6,10,North,2
Himachal Pradesh,Kullu,2004.0,0.7007952233880164,7,0.7034005684625212,7,10,North,2
Himachal Pradesh,Lahul and Spiti,2003.0,0.6999303134548227,7,0.6874292983551487,6,10,North,2
Himachal Pradesh,Mandi,2005.0,0.7049913264960624,7,0.7073338440431016,7,10,North,2
Himachal Pradesh,Shimla,2011.0,0.7260626531242378,7,0.7411298855083166,7,10,North,2
Himachal Pradesh,Sirmaur,2010.0,0.7232282643379088,7,0.7077423389225783,7,10,North,2
Himachal Pradesh,Solan,2009.0,0.7016433403797537,7,0.71136615954188,7,10,North,2
Himachal Pradesh,Una,2007.0,0.5961232444868116,3,0.6356624754164878,5,10,North,2
Jammu Kashmir,Anantnag,1014.0,0.6538426862441498,6,0.6766478260260966,6,11,North,2
Jammu Kashmir,Badgam,1002.0,0.6705047263195352,7,0.6689645621031077,6,11,North,2
Jammu Kashmir,Bandipore,1009.0,0.6093950728107065,4,0.6104463403537148,4,11,North,2
Jammu Kashmir,Baramula,1008.0,0.5860891053989866,3,0.6094093668445302,4,11,North,2
Jammu Kashmir,Doda,1016.0,0.5601382202342384,2,0.5771393242746694,2,11,North,2
Jammu Kashmir,Ganderbal,1011.0,0.6156180406859235,4,0.6296785991501105,4,11,North,2
Jammu Kashmir,Jammu,1021.0,0.6820757209092189,7,0.7108238418921449,7,11,North,2
Jammu Kashmir,Kathua,1007.0,0.6766942917651279,7,0.6887798804835655,6,11,North,2
Jammu Kashmir,Kishtwar,1018.0,0.6377669555359491,5,0.5878565723963043,3,11,North,2
Jammu Kashmir,Kulgam,1015.0,0.6803562664144548,7,0.6640538340912089,6,11,North,2
Jammu Kashmir,Kupwara,1001.0,0.6559997641877434,6,0.6396933630645332,5,11,North,2
Jammu Kashmir,Pulwama,1012.0,0.6592939526135492,6,0.67389169020212,6,11,North,2
Jammu Kashmir,Punch,1005.0,0.6651183483437413,6,0.6344544127148298,4,11,North,2
Jammu Kashmir,Rajouri,1006.0,0.6312659493581732,5,0.6009903819132805,3,11,North,2
Jammu Kashmir,Ramban,1017.0,0.6123478602808035,4,0.5586575838415645,2,11,North,2
Jammu Kashmir,Reasi,1020.0,0.5946484721103774,3,0.5666725583652801,2,11,North,2
Jammu Kashmir,Samba,1022.0,0.6480853208768629,6,0.6608993905406114,6,11,North,2
Jammu Kashmir,Shupiyan,1013.0,0.6974771003573876,7,0.700819896238398,7,11,North,2
Jammu Kashmir,Srinagar,1010.0,0.7063140947199467,7,0.729472861754475,7,11,North,2
Jammu Kashmir,Udhampur,1019.0,0.607742250818872,4,0.5933611112301824,3,11,North,2
Jharkhand,Bokaro,20010.0,0.5508386668623246,1,0.5497554281406667,2,12,East,1
Jharkhand,Chatra,20002.0,0.5063817365684526,0,0.45764964022714094,0,12,East,1
Jharkhand,Deoghar,20005.0,0.462601006745168,0,0.44322477068059135,0,12,East,1
Jharkhand,Dhanbad,20009.0,0.5316050793444621,1,0.5360514036340078,1,12,East,1
Jharkhand,Dumka,20017.0,0.5125131045123854,0,0.46095518744875796,0,12,East,1
Jharkhand,Garhwa,20001.0,0.5127357461516312,0,0.4760371183242347,0,12,East,1
Jharkhand,Giridih,20004.0,0.5067539041017933,0,0.49581455819782383,0,12,East,1
Jharkhand,Godda,20006.0,0.5107224686960662,0,0.47611872455956467,0,12,East,1
Jharkhand,Gumla,20021.0,0.5889571828866778,3,0.48694214668743996,0,12,East,1
Jharkhand,Hazaribagh,20015.0,0.5290502917949998,1,0.5181478594550859,1,12,East,1
Jharkhand,Jamtara,20018.0,0.5375374071573068,1,0.49509843860401564,0,12,East,1
Jharkhand,Khunti,20020.0,0.5511237895829644,2,0.46332277660658594,0,12,East,1
Jharkhand,Kodarma,20003.0,0.550768549203547,1,0.530708217997332,1,12,East,1
Jharkhand,Latehar,20014.0,0.5596472793810376,2,0.47135941810901477,0,12,East,1
Jharkhand,Lohardaga,20011.0,0.6165784713759043,4,0.5651651811118643,2,12,East,1
Jharkhand,Pakur,20008.0,0.47839343590942807,0,0.4320289821375754,0,12,East,1
Jharkhand,Palamu,20013.0,0.5525409638784444,2,0.5250260432631174,1,12,East,1
Jharkhand,Pashchimi Singhbhum,20023.0,0.5194224895418925,1,0.40861576284405976,0,12,East,1
Jharkhand,Purbi Singhbhum,20012.0,0.616579225856088,4,0.6087306080832307,4,12,East,1
Jharkhand,Ramgarh,20016.0,0.5745180989667685,2,0.5401879091741635,1,12,East,1
Jharkhand,Ranchi,20019.0,0.5981788579122136,3,0.5993781419851578,3,12,East,1
Jharkhand,Sahibganj,20007.0,0.4915194029001076,0,0.4438310953209756,0,12,East,1
Jharkhand,Saraikela-Kharsawan,,0.616462481401611,4,0.560266889456974,2,12,East,1
Jharkhand,Simdega,20022.0,0.5447764826530025,1,0.45822241938558694,0,12,East,1
Karnataka,Bagalkot,29002.0,0.5887594565885141,3,0.5854487749367622,3,13,South,4
Karnataka,Bangalore,29018.0,0.6300811667553162,5,0.7162969377882091,7,13,South,4
Karnataka,Bangalore Rural,29029.0,0.6815763663272233,7,0.726046297719561,7,13,South,4
Karnataka,Belgaum,29001.0,0.6363872598128987,5,0.6578097010781512,5,13,South,4
Karnataka,Bellary,29011.0,0.6190115409469475,5,0.6381564521189028,5,13,South,4
Karnataka,Bidar,29004.0,0.6136199347128892,4,0.6235796365079991,4,13,South,4
Karnataka,Bijapur,29003.0,0.574116659112425,2,0.5807710952767644,3,13,South,4
Karnataka,Chamarajanagar,29024.0,0.6631766507698592,6,0.6986032065373066,7,13,South,4
Karnataka,Chikkaballapura,29028.0,0.6497969279950385,6,0.6948692956857296,7,13,South,4
Karnataka,Chikmagalur,29016.0,0.6499623524725815,6,0.6900514580556404,7,13,South,4
Karnataka,Chitradurga,29012.0,0.656190652951112,6,0.6827226064640088,6,13,South,4
Karnataka,Dakshina Kannada,29021.0,0.6577802952461034,6,0.7153633199866596,7,13,South,4
Karnataka,Davanagere,29013.0,0.5585972364013564,2,0.6208323476831101,4,13,South,4
Karnataka,Dharwad,29008.0,0.6487172414165195,6,0.6751243920191621,6,13,South,4
Karnataka,Gadag,29007.0,0.577983474830983,3,0.5927186681391923,3,13,South,4
Karnataka,Gulbarga,29025.0,0.5829106810601363,3,0.5800722697213738,3,13,South,4
Karnataka,Hassan,29020.0,0.6633537371246797,6,0.7047433181946063,7,13,South,4
Karnataka,Haveri,29010.0,0.6035687630095949,4,0.6214916338290948,4,13,South,4
Karnataka,Kodagu,29022.0,0.6315701594035719,5,0.688113511622848,6,13,South,4
Karnataka,Kolar,29027.0,0.6591595923385196,6,0.7075018265826127,7,13,South,4
Karnataka,Koppal,29006.0,0.576640610517683,3,0.5800341836898333,3,13,South,4
Karnataka,Mandya,29019.0,0.6775128018249553,7,0.7201613132291985,7,13,South,4
Karnataka,Mysore,29023.0,0.6797090115153347,7,0.7145971829986815,7,13,South,4
Karnataka,Raichur,29005.0,0.5764841057381199,3,0.5717637725035309,2,13,South,4
Karnataka,Ramanagara,29030.0,0.6609584974779992,6,0.7206661856466674,7,13,South,4
Karnataka,Shimoga,29014.0,0.6410490550646011,5,0.6862257874502872,6,13,South,4
Karnataka,Tumkur,29017.0,0.6511404979410191,6,0.6954589465943969,7,13,South,4
Karnataka,Udupi,29015.0,0.6354611671951724,5,0.6816613909061408,6,13,South,4
Karnataka,Uttara Kannada,29009.0,0.6332133153387611,5,0.6681743766386559,6,13,South,4
Karnataka,Yadgir,29026.0,0.5721075778301331,2,0.5422430036868879,1,13,South,4
Kerala,Alappuzha,32011.0,0.6160406437852519,4,0.7291088435490434,7,14,South,4
Kerala,Ernakulam,32008.0,0.6464996536428517,6,0.7444697937382181,7,14,South,4
Kerala,Idukki,32009.0,0.6251358583987333,5,0.6856906783408043,6,14,South,4
Kerala,Kannur,32002.0,0.6228907645298017,5,0.7231841013282317,7,14,South,4
Kerala,Kasaragod,32001.0,0.6639031527136265,6,0.7240223163731485,7,14,South,4
Kerala,Kollam,32013.0,0.6221299737357758,5,0.71486396078646,7,14,South,4
Kerala,Kottayam,32010.0,0.560417011108379,2,0.6773015113183498,6,14,South,4
Kerala,Kozhikode,32004.0,0.6576581655154256,6,0.7502769911003527,7,14,South,4
Kerala,Malappuram,32005.0,0.6104726497390263,4,0.6991098813047204,7,14,South,4
Kerala,Palakkad,32006.0,0.5625093584096452,2,0.671365113092936,6,14,South,4
Kerala,Pathanamthitta,32012.0,0.5994602522678962,4,0.7031533343696993,7,14,South,4
Kerala,Thiruvananthapuram,32014.0,0.5866864716453845,3,0.6897531887016376,7,14,South,4
Kerala,Thrissur,32007.0,0.5967346497432651,3,0.7002286690254655,7,14,South,4
Kerala,Wayanad,32003.0,0.664723622448249,6,0.7101892121027766,7,14,South,4
Ladakh,Kargil,1004.0,0.6663023673043793,6,0.6429129014445419,5,15,North,2
Ladakh,Leh(Ladakh),1003.0,0.6562460253990136,6,0.6325024904931783,4,15,North,2
Madhya Pradesh,Agar Malwa,,0.6234978310036305,5,0.6090646696528068,4,16,Central,0
Madhya Pradesh,Alirajpur,23048.0,0.6036400618582448,4,0.5573600599346735,2,16,Central,0
Madhya Pradesh,Anuppur,23044.0,0.5931223722355016,3,0.5509924761489018,2,16,Central,0
Madhya Pradesh,Ashoknagar,23042.0,0.5963376316816799,3,0.555240206441247,2,16,Central,0
Madhya Pradesh,Balaghat,23040.0,0.667670099686371,7,0.6363688747574194,5,16,Central,0
Madhya Pradesh,Barwani,23024.0,0.6113329411038655,4,0.5712371623942143,2,16,Central,0
Madhya Pradesh,Betul,23030.0,0.6669187972929591,7,0.629566695486517,4,16,Central,0
Madhya Pradesh,Bhind,23003.0,0.6199374051710351,5,0.6150628105914742,4,16,Central,0
Madhya Pradesh,Bhopal,23027.0,0.6521475048191842,6,0.6891912426215707,6,16,Central,0
Madhya Pradesh,Burhanpur,23050.0,0.6947213392128421,7,0.6686725436849111,6,16,Central,0
Madhya Pradesh,Chhatarpur,23008.0,0.5731641908146796,2,0.5310784130992141,1,16,Central,0
Madhya Pradesh,Chhindwara,23038.0,0.6452823017755954,6,0.6376365089287536,5,16,Central,0
Madhya Pradesh,Damoh,23011.0,0.5469188509812621,1,0.5058142423150103,0,16,Central,0
Madhya Pradesh,Datia,23005.0,0.620697032795475,5,0.6001809721825122,3,16,Central,0
Madhya Pradesh,Dewas,23020.0,0.6340693577033343,5,0.6289196799052859,4,16,Central,0
Madhya Pradesh,Dhar,23021.0,0.6367391697457714,5,0.6000877696557797,3,16,Central,0
Madhya Pradesh,Dindori,23036.0,0.5881854868243642,3,0.5163118685801689,1,16,Central,0
Madhya Pradesh,Guna,23041.0,0.6425255792124699,5,0.5838419130806212,3,16,Central,0
Madhya Pradesh,Gwalior,23004.0,0.6248120134884311,5,0.6472059872977104,5,16,Central,0
Madhya Pradesh,Harda,23031.0,0.6800441726218796,7,0.6615852499876032,6,16,Central,0
Madhya Pradesh,Hoshangabad,23032.0,0.5495965123174836,1,0.5664395484984671,2,16,Central,0
Madhya Pradesh,Indore,23022.0,0.6989253175521543,7,0.725284937516177,7,16,Central,0
Madhya Pradesh,Jhabua,23047.0,0.6311513208286917,5,0.5659645426671938,2,16,Central,0
Madhya Pradesh,Katni,23033.0,0.6137384114896133,4,0.5768015698511464,2,16,Central,0
Madhya Pradesh,Khandwa (East Nimar),23049.0,0.6775453920011983,7,0.6578611723175181,5,16,Central,0
Madhya Pradesh,Khargone (West Nimar),23023.0,0.6500240629798173,6,0.639103529160965,5,16,Central,0
Madhya Pradesh,Mandla,23037.0,0.62609748852888,5,0.5774944302784799,2,16,Central,0
Madhya Pradesh,Mandsaur,23016.0,0.6116717142689331,4,0.5963734324351186,3,16,Central,0
Madhya Pradesh,Morena,23002.0,0.5940224825169502,3,0.5905440749557795,3,16,Central,0
Madhya Pradesh,Narsimhapur,23035.0,0.6329645571513869,5,0.6289281483640367,4,16,Central,0
Madhya Pradesh,Neemuch,23015.0,0.6558120357989872,6,0.6433583954445973,5,16,Central,0
Madhya Pradesh,Panna,23009.0,0.5303739551013725,1,0.48826727962752187,0,16,Central,0
Madhya Pradesh,Raisen,23029.0,0.6573568025912898,6,0.637078798508619,5,16,Central,0
Madhya Pradesh,Rajgarh,23025.0,0.570085542097446,2,0.520376517234131,1,16,Central,0
Madhya Pradesh,Ratlam,23017.0,0.6713953597362011,7,0.6503814892699344,5,16,Central,0
Madhya Pradesh,Rewa,23013.0,0.5585230867517468,2,0.5195191681408309,1,16,Central,0
Madhya Pradesh,Sagar,23010.0,0.5747277097960336,2,0.5626403270620413,2,16,Central,0
Madhya Pradesh,Satna,23012.0,0.6000429984728318,4,0.5661946401419562,2,16,Central,0
Madhya Pradesh,Sehore,23028.0,0.5612584579715896,2,0.5654691874410258,2,16,Central,0
Madhya Pradesh,Seoni,23039.0,0.6639191862913322,6,0.6138430777344948,4,16,Central,0
Madhya Pradesh,Shahdol,23043.0,0.613022289944981,4,0.5678701742330207,2,16,Central,0
Madhya Pradesh,Shajapur,23019.0,0.6723226209445383,7,0.6425220274018499,5,16,Central,0
Madhya Pradesh,Sheopur,23001.0,0.5484446667520376,1,0.5127088348444426,0,16,Central,0
Madhya Pradesh,Shivpuri,23006.0,0.5935356273826384,3,0.5561188778831347,2,16,Central,0
Madhya Pradesh,Sidhi,23045.0,0.5766409144948892,3,0.5271381551484029,1,16,Central,0
Madhya Pradesh,Singrauli,23046.0,0.5587882810878021,2,0.5127821304093646,1,16,Central,0
Madhya Pradesh,Tikamgarh,23007.0,0.6547055535052939,6,0.6043571870279913,3,16,Central,0
Madhya Pradesh,Ujjain,23018.0,0.6629486614307127,6,0.6611925279938001,6,16,Central,0
Madhya Pradesh,Umaria,23014.0,0.6169268510101494,4,0.5579394832591835,2,16,Central,0
Madhya Pradesh,Vidisha,23026.0,0.6137415459848065,4,0.5947650493111035,3,16,Central,0
Maharashtra,Ahmadnagar,,0.6092011203568894,4,0.6355931182833203,5,17,West,5
Maharashtra,Akola,27005.0,0.636782435808657,5,0.6662241973897018,6,17,West,5
Maharashtra,Amravati,27007.0,0.676065935631186,7,0.7025203525413241,7,17,West,5
Maharashtra,Aurangabad,27019.0,0.5621463260099421,2,0.6113369553263186,4,17,West,5
Maharashtra,Bhandara,27010.0,0.6991432110848701,7,0.6976072543078958,7,17,West,5
Maharashtra,Bid,27027.0,0.5435947093180402,1,0.5544301893976007,2,17,West,5
Maharashtra,Buldana,27004.0,0.6704718516297394,7,0.6700259309782293,6,17,West,5
Maharashtra,Chandrapur,27013.0,0.6988029527251705,7,0.714204607422999,7,17,West,5
Maharashtra,Dhule,27002.0,0.4960445576865314,0,0.5405721225296132,1,17,West,5
Maharashtra,Gadchiroli,27012.0,0.7139386039552921,7,0.660022364276195,6,17,West,5
Maharashtra,Gondiya,27011.0,0.6887376840464717,7,0.6872760237783989,6,17,West,5
Maharashtra,Hingoli,27016.0,0.6145337772263525,4,0.6211344129728873,4,17,West,5
Maharashtra,Jalgaon,27003.0,0.5246538949473816,1,0.5804422185871104,3,17,West,5
Maharashtra,Jalna,27018.0,0.5228645559096242,1,0.5523074811494731,2,17,West,5
Maharashtra,Kolhapur,27034.0,0.6220221056822799,5,0.6808431972308355,6,17,West,5
Maharashtra,Latur,27028.0,0.6445148808948394,6,0.6686731531694855,6,17,West,5
Maharashtra,Mumbai,27023.0,0.6942391974004617,7,0.7436693421862965,7,17,West,5
Maharashtra,Mumbai Suburban,27022.0,0.6075239297541122,4,0.6777074779326898,6,17,West,5
Maharashtra,Nagpur,27009.0,0.6912908903648683,7,0.7471144455249927,7,17,West,5
Maharashtra,Nanded,27015.0,0.5901558199784941,3,0.607831660403754,3,17,West,5
Maharashtra,Nandurbar,27001.0,0.5462944547399126,1,0.5397755213257105,1,17,West,5
Maharashtra,Nashik,27020.0,0.5339820340030678,1,0.567952347773354,2,17,West,5
Maharashtra,Osmanabad,27029.0,0.6523655238848746,6,0.6681356837434901,6,17,West,5
Maharashtra,Palghar,,0.6592991943540649,6,0.6646300595041076,6,17,West,5
Maharashtra,Parbhani,27017.0,0.4984159730877444,0,0.5306713468420277,1,17,West,5
Maharashtra,Pune,27025.0,0.5695950670503351,2,0.651627425471162,5,17,West,5
Maharashtra,Raigarh,27024.0,0.6389432563970624,5,0.647047440929523,5,17,West,5
Maharashtra,Ratnagiri,27032.0,0.595614688959889,3,0.6426462488828038,5,17,West,5
Maharashtra,Sangli,27035.0,0.6115229397631894,4,0.679598591746446,6,17,West,5
Maharashtra,Satara,27031.0,0.6299115993029096,5,0.6648416069238422,6,17,West,5
Maharashtra,Sindhudurg,27033.0,0.5840539847264032,3,0.6290818218332185,4,17,West,5
Maharashtra,Solapur,27030.0,0.5974720665676315,3,0.6160995327165103,4,17,West,5
Maharashtra,Thane,27021.0,0.6060805519057342,4,0.6635615662731961,6,17,West,5
Maharashtra,Wardha,27008.0,0.7220455970216009,7,0.7397741226145718,7,17,West,5
Maharashtra,Washim,27006.0,0.5926017436373497,3,0.5954722782581936,3,17,West,5
Maharashtra,Yavatmal,27014.0,0.6577281938406109,6,0.6574517629330249,5,17,West,5
Manipur,Bishnupur,14004.0,0.49952553156784774,0,0.5171862787637478,1,18,North-East,3
Manipur,Chandel,14009.0,0.4694935792804225,0,0.5038454825926852,0,18,North-East,3
Manipur,Churachandpur,14003.0,0.4906062791219083,0,0.5041403910931853,0,18,North-East,3
Manipur,Imphal East,14007.0,0.49420966679978096,0,0.54010883353093,1,18,North-East,3
Manipur,Imphal West,14006.0,0.5315794318075068,1,0.5816068985800773,3,18,North-East,3
Manipur,Senapati,14001.0,0.4943998684805016,0,0.5210490724193743,1,18,North-East,3
Manipur,Tamenglong,14002.0,0.49061916045618126,0,0.4939414254888918,0,18,North-East,3
Manipur,Thoubal,14005.0,0.563687279589779,2,0.5655106541582338,2,18,North-East,3
Manipur,Ukhrul,14008.0,0.427303458165322,0,0.45327034654028564,0,18,North-East,3
Meghalaya,East Garo Hills,17002.0,0.5378665330400021,1,0.5450598079868588,1,19,North-East,3
Meghalaya,East Jantia Hills,,0.5106691366187847,0,0.48998455663912044,0,19,North-East,3
Meghalaya,East Khasi Hills,17006.0,0.4814867384412738,0,0.5516105252819803,2,19,North-East,3
Meghalaya,North Garo Hills,,0.42744203542269277,0,0.463610124444304,0,19,North-East,3
Meghalaya,Ribhoi,17005.0,0.5364926014562134,1,0.5412952295321167,1,19,North-East,3
Meghalaya,South Garo Hills,17003.0,0.5612785669142928,2,0.5587561447423025,2,19,North-East,3
Meghalaya,South West Garo Hills,,0.5481054420246365,1,0.5258829218594187,1,19,North-East,3
Meghalaya,South West Khasi Hills,,0.5267737765365229,1,0.5278922399101148,1,19,North-East,3
Meghalaya,West Garo Hills,17001.0,0.5814512549573052,3,0.6010513276764959,3,19,North-East,3
Meghalaya,West Jaintia Hills,,0.46599944823032785,0,0.4437590201997111,0,19,North-East,3
Meghalaya,West Khasi Hills,17004.0,0.47709828537998206,0,0.47418045679449217,0,19,North-East,3
Mizoram,Aizawl,15003.0,0.5626807887610773,2,0.6430027717512579,5,20,North-East,3
Mizoram,Champhai,15004.0,0.6485637777845585,6,0.6757623610955502,6,20,North-East,3
Mizoram,Kolasib,15002.0,0.607309295112654,4,0.6524507364963447,5,20,North-East,3
Mizoram,Lawngtlai,15007.0,0.49672396606130964,0,0.5148827764243094,1,20,North-East,3
Mizoram,Lunglei,15006.0,0.5732887556949391,2,0.6211092200284323,4,20,North-East,3
Mizoram,Mamit,15001.0,0.6054204224032614,4,0.6253441884643564,4,20,North-East,3
Mizoram,Saiha,15008.0,0.5356246320667303,1,0.5969260746419442,3,20,North-East,3
Mizoram,Serchhip,15005.0,0.638643624697326,5,0.6704947410140096,6,20,North-East,3
Nagaland,Dimapur,13005.0,0.5081114525870024,0,0.5823448011990584,3,22,North-East,3
Nagaland,Kiphire,13009.0,0.43705041097122543,0,0.4824286785061849,0,22,North-East,3
Nagaland,Kohima,13010.0,0.5994527038038355,4,0.6484473351354264,5,22,North-East,3
Nagaland,Longleng,13008.0,0.4418840806834486,0,0.48890667106750235,0,22,North-East,3
Nagaland,Mokokchung,13002.0,0.5903416432795624,3,0.6304943332109016,4,22,North-East,3
Nagaland,Mon,13001.0,0.48074129932486576,0,0.51560673201937,1,22,North-East,3
Nagaland,Peren,13011.0,0.48378559384538783,0,0.5329605968167097,1,22,North-East,3
Nagaland,Phek,13006.0,0.46921356060602615,0,0.5413547469052372,1,22,North-East,3
Nagaland,Tuensang,13007.0,0.4247511371685928,0,0.4840296601953262,0,22,North-East,3
Nagaland,Wokha,13004.0,0.47094286964513765,0,0.5544469718450442,2,22,North-East,3
Nagaland,Zunheboto,13003.0,0.4676857353236694,0,0.5415100535668893,1,22,North-East,3
NCT Delhi,Central,7006.0,0.6067907197888455,4,0.6740535140926862,6,21,North,2
NCT Delhi,East,7004.0,0.6323810702518,5,0.683846692687234,6,21,North,2
NCT Delhi,New Delhi,7005.0,0.6441602208672196,6,0.6855676401884679,6,21,North,2
NCT Delhi,North,7002.0,0.6379119657253207,5,0.7030989055379255,7,21,North,2
NCT Delhi,North East,7003.0,0.6172840239674537,4,0.6828890833615705,6,21,North,2
NCT Delhi,North West,7001.0,0.5674274907317932,2,0.6314113400189693,4,21,North,2
NCT Delhi,Shahdara,,0.637989054951261,5,0.6944960588239499,7,21,North,2
NCT Delhi,South,7009.0,0.6451226074951321,6,0.7066079628311966,7,21,North,2
NCT Delhi,South East,,0.6327976205307947,5,0.6994279206661107,7,21,North,2
NCT Delhi,South West,7008.0,0.6474000645815928,6,0.7084130611903424,7,21,North,2
NCT Delhi,West,7007.0,0.5837111299401948,3,0.6537530449204277,5,21,North,2
Odisha,Anugul,21015.0,0.6186095414613355,4,0.5732530931888984,2,23,East,1
Odisha,Balangir,21024.0,0.703682755123121,7,0.6555206458261723,5,23,East,1
Odisha,Baleshwar,21008.0,0.6053449012511959,4,0.5975107584738474,3,23,East,1
Odisha,Bargarh,21001.0,0.6658288908547175,6,0.6391795105751432,5,23,East,1
Odisha,Baudh,21022.0,0.6432621961861913,6,0.5992637520623667,3,23,East,1
Odisha,Bhadrak,21009.0,0.6285018118600061,5,0.6156095727401834,4,23,East,1
Odisha,Cuttack,21012.0,0.6101285564233092,4,0.6093063873778204,4,23,East,1
Odisha,Debagarh,21004.0,0.6327405043885695,5,0.5812785797764173,3,23,East,1
Odisha,Dhenkanal,21014.0,0.6065283854250764,4,0.5577923868727469,2,23,East,1
Odisha,Gajapati,21020.0,0.6347405200786133,5,0.563440313511935,2,23,East,1
Odisha,Ganjam,21019.0,0.6241511160919777,5,0.6302776639694617,4,23,East,1
Odisha,Jagatsinghapur,21011.0,0.6233386321425246,5,0.6289603446832566,4,23,East,1
Odisha,Jajapur,21013.0,0.5858190871219754,3,0.5597769479600488,2,23,East,1
Odisha,Jharsuguda,21002.0,0.6819979172247891,7,0.6489722258048474,5,23,East,1
Odisha,Kalahandi,21026.0,0.6499282685267391,6,0.6129057194161984,4,23,East,1
Odisha,Kandhamal,21021.0,0.6581365535388186,6,0.571787406239152,2,23,East,1
Odisha,Kendrapara,21010.0,0.6033841852563524,4,0.6088245343781687,4,23,East,1
Odisha,Kendujhar,21006.0,0.563255100777122,2,0.5134669352205744,1,23,East,1
Odisha,Khordha,21017.0,0.6405908892956929,5,0.6572242533644486,5,23,East,1
Odisha,Koraput,21029.0,0.6471140409564717,6,0.5568984616825652,2,23,East,1
Odisha,Malkangiri,21030.0,0.6329132713385566,5,0.5386002029901993,1,23,East,1
Odisha,Mayurbhanj,21007.0,0.5530306583911615,2,0.48319599971989985,0,23,East,1
Odisha,Nabarangapur,21028.0,0.6545489398542632,6,0.5653910333598411,2,23,East,1
Odisha,Nayagarh,21016.0,0.6530852131797468,6,0.6264629392450959,4,23,East,1
Odisha,Nuapada,21025.0,0.6621088080422652,6,0.6055207118068002,3,23,East,1
Odisha,Puri,21018.0,0.6678777883726063,7,0.6590856911317122,5,23,East,1
Odisha,Rayagada,21027.0,0.5997608321426621,4,0.5467739661918979,1,23,East,1
Odisha,Sambalpur,21003.0,0.6656495882211882,6,0.6300506833257037,4,23,East,1
Odisha,Subarnapur,21023.0,0.6944345022927537,7,0.6630374096257031,6,23,East,1
Odisha,Sundargarh,21005.0,0.6131270363793185,4,0.585457896939061,3,23,East,1
Puducherry,Karaikal,34004.0,0.6705526372558456,7,0.7215445060864388,7,24,South,4
Puducherry,Mahe,34003.0,0.6756286015987577,7,0.7704700205303409,7,24,South,4
Puducherry,Puducherry,34002.0,0.6904812405485269,7,0.7420055859588958,7,24,South,4
Puducherry,Yanam,34001.0,0.6334743660746895,5,0.6975693113077432,7,24,South,4
Punjab,Amritsar,3015.0,0.5777086174221775,3,0.6512172384638278,5,25,North,2
Punjab,Barnala,3020.0,0.554954896489869,2,0.6343110062241535,4,25,North,2
Punjab,Bathinda,3012.0,0.5030129093362417,0,0.5839217035106044,3,25,North,2
Punjab,Faridkot,3011.0,0.5493137797244805,1,0.607267754151713,3,25,North,2
Punjab,Fatehgarh Sahib,3006.0,0.6335621696148377,5,0.6845647379428693,6,25,North,2
Punjab,Fazilka,,0.564729868314826,2,0.6138400695906358,4,25,North,2
Punjab,Firozpur,3009.0,0.5910315228096771,3,0.6377659727479253,5,25,North,2
Punjab,Gurdaspur,,0.5683227904888595,2,0.6377338624226196,5,25,North,2
Punjab,Hoshiarpur,3004.0,0.6403501064554179,5,0.7117724631189585,7,25,North,2
Punjab,Jalandhar,3003.0,0.6130699049484553,4,0.6795692771192201,6,25,North,2
Punjab,Kapurthala,3002.0,0.5837130637206458,3,0.6603253497596687,6,25,North,2
Punjab,Ludhiana,3007.0,0.5911273712162664,3,0.6584634261718945,5,25,North,2
Punjab,Mansa,3013.0,0.5837607819510855,3,0.620617458695891,4,25,North,2
Punjab,Moga,3008.0,0.5842512014457824,3,0.6400224985233217,5,25,North,2
Punjab,Muktsar,3010.0,0.5710787043728279,2,0.6205018496980494,4,25,North,2
Punjab,Pathankot,,0.6034135963955222,4,0.658766055705202,5,25,North,2
Punjab,Patiala,3014.0,0.5977967283070281,3,0.6582763760733485,5,25,North,2
Punjab,Rupnagar,3017.0,0.5994548640198827,4,0.6582865037471229,5,25,North,2
Punjab,Sahibzada Ajit Singh Nagar,3018.0,0.6161397656930043,4,0.6861061087504374,6,25,North,2
Punjab,Sangrur,3019.0,0.5878076622903983,3,0.6506833189411316,5,25,North,2
Punjab,Shahid Bhagat Singh Nagar,3005.0,0.6460531466291178,6,0.703949817629138,7,25,North,2
Punjab,Tarn Taran,3016.0,0.6046349331150919,4,0.6330260109744896,4,25,North,2
Rajasthan,Ajmer,8021.0,0.6690956335432382,7,0.6629443908557622,6,26,North,2
Rajasthan,Alwar,8006.0,0.5440057676076354,1,0.5613096736057404,2,26,North,2
Rajasthan,Banswara,8027.0,0.6315079571694711,5,0.5643356044775256,2,26,North,2
Rajasthan,Baran,8030.0,0.6913837237022566,7,0.6372794920451187,5,26,North,2
Rajasthan,Barmer,8017.0,0.6927151750740909,7,0.6547107335520893,5,26,North,2
Rajasthan,Bharatpur,8007.0,0.5387857868003,1,0.5373832497624785,1,26,North,2
Rajasthan,Bhilwara,8024.0,0.6554087422902692,6,0.6152845208373077,4,26,North,2
Rajasthan,Bikaner,8003.0,0.6472063448984126,6,0.6337789660313957,4,26,North,2
Rajasthan,Bundi,8023.0,0.6286168360136178,5,0.5883356353509775,3,26,North,2
Rajasthan,Chittaurgarh,8028.0,0.6521896624993094,6,0.6184411211591369,4,26,North,2
Rajasthan,Churu,8004.0,0.6118078092317436,4,0.6139021092051031,4,26,North,2
Rajasthan,Dausa,8011.0,0.6560621205035196,6,0.6179851782564636,4,26,North,2
Rajasthan,Dhaulpur,8008.0,0.6038876459255225,4,0.568882700337794,2,26,North,2
Rajasthan,Dungarpur,8026.0,0.6571541197225185,6,0.6228655341390283,4,26,North,2
Rajasthan,Ganganagar,8001.0,0.6905297833774895,7,0.6762062010904948,6,26,North,2
Rajasthan,Hanumangarh,8002.0,0.6746479340392845,7,0.6686774054895788,6,26,North,2
Rajasthan,Jaipur,8012.0,0.6920365442344102,7,0.6940735999694972,7,26,North,2
Rajasthan,Jaisalmer,8016.0,0.623078430474004,5,0.5993992822440112,3,26,North,2
Rajasthan,Jalor,8018.0,0.650813399697259,6,0.6272376583642288,4,26,North,2
Rajasthan,Jhalawar,8031.0,0.6591029291459779,6,0.6130651432924382,4,26,North,2
Rajasthan,Jhunjhunun,,0.6721154741779097,7,0.6738976069156464,6,26,North,2
Rajasthan,Jodhpur,8015.0,0.6635177450603194,6,0.6531124726324459,5,26,North,2
Rajasthan,Karauli,8009.0,0.6333875236079991,5,0.5775384973155469,2,26,North,2
Rajasthan,Kota,8029.0,0.6893776919132789,7,0.6996827629826488,7,26,North,2
Rajasthan,Nagaur,8014.0,0.6766719875593424,7,0.6595810019241923,5,26,North,2
Rajasthan,Pali,8020.0,0.6861024453979033,7,0.6824243353999518,6,26,North,2
Rajasthan,Pratapgarh,8033.0,0.6452100364707526,6,0.5833885235134388,3,26,North,2
Rajasthan,Rajsamand,8025.0,0.6362940658274208,5,0.6235957468163124,4,26,North,2
Rajasthan,Sawai Madhopur,8010.0,0.553035693677917,2,0.5432881448630009,1,26,North,2
Rajasthan,Sikar,8013.0,0.6186150582125713,5,0.6390057942939082,5,26,North,2
Rajasthan,Sirohi,8019.0,0.6623625246811813,6,0.613433526770847,4,26,North,2
Rajasthan,Tonk,8022.0,0.6196361675267663,5,0.5856210826716022,3,26,North,2
Rajasthan,Udaipur,8032.0,0.6776798180299862,7,0.6342560098013952,4,26,North,2
Sikkim,East District,11004.0,0.5538036820689684,2,0.6314827944916044,4,27,North-East,3
Sikkim,North  District,11001.0,0.5783870304215633,3,0.6079834564617514,3,27,North-East,3
Sikkim,South District,11003.0,0.6006029378417962,4,0.6491573314776825,5,27,North-East,3
Sikkim,West District,11002.0,0.6232654278072491,5,0.6472690999863411,5,27,North-East,3
Tamil Nadu,Ariyalur,33015.0,0.6426558125601188,5,0.6419034181287874,5,28,South,4
Tamil Nadu,Chennai,33002.0,0.6741965221076976,7,0.758621375904921,7,28,South,4
Tamil Nadu,Coimbatore,33031.0,0.6833960409683376,7,0.7411215376081179,7,28,South,4
Tamil Nadu,Cuddalore,33016.0,0.6362685145095406,5,0.6605856238699559,6,28,South,4
Tamil Nadu,Dharmapuri,33029.0,0.7012743841955407,7,0.7215318790039933,7,28,South,4
Tamil Nadu,Dindigul,33011.0,0.6563707807486019,6,0.6823303469587356,6,28,South,4
Tamil Nadu,Erode,33009.0,0.7154017619524314,7,0.7383179617686735,7,28,South,4
Tamil Nadu,Kancheepuram,33003.0,0.6208746671920773,5,0.6915152255127148,7,28,South,4
Tamil Nadu,Kanniyakumari,33028.0,0.6701520400566364,7,0.7490952646389895,7,28,South,4
Tamil Nadu,Karur,33012.0,0.618621401264791,5,0.660999842554306,6,28,South,4
Tamil Nadu,Krishnagiri,33030.0,0.7001959065107234,7,0.7214282233153405,7,28,South,4
Tamil Nadu,Madurai,33022.0,0.65904785506923,6,0.713197857651048,7,28,South,4
Tamil Nadu,Nagapattinam,33017.0,0.6782764307795313,7,0.6989874595502203,7,28,South,4
Tamil Nadu,Namakkal,33008.0,0.6502132158350205,6,0.7039041958696205,7,28,South,4
Tamil Nadu,Perambalur,33014.0,0.6944526665930258,7,0.7062706356285526,7,28,South,4
Tamil Nadu,Pudukkottai,33020.0,0.6450037387232739,6,0.6382223405534315,5,28,South,4
Tamil Nadu,Ramanathapuram,33025.0,0.6699689901058209,7,0.6974677482726813,7,28,South,4
Tamil Nadu,Salem,33007.0,0.6400386946519365,5,0.6755559965428762,6,28,South,4
Tamil Nadu,Sivaganga,33021.0,0.6652436140933278,6,0.7065329582419774,7,28,South,4
Tamil Nadu,Thanjavur,33019.0,0.6071338954044341,4,0.6696148123041796,6,28,South,4
Tamil Nadu,Theni,33023.0,0.6665377207232718,7,0.7122358362445635,7,28,South,4
Tamil Nadu,The Nilgiris,33010.0,0.7259723273401781,7,0.7596307226335519,7,28,South,4
Tamil Nadu,Thiruvallur,33001.0,0.6333530290858472,5,0.6992462513502576,7,28,South,4
Tamil Nadu,Thiruvarur,33018.0,0.6652598045335716,6,0.6937535461999804,7,28,South,4
Tamil Nadu,Thoothukkudi,33026.0,0.66976112964725,7,0.7190087601511489,7,28,South,4
Tamil Nadu,Tiruchirappalli,33013.0,0.6777059851640614,7,0.697238803616756,7,28,South,4
Tamil Nadu,Tirunelveli,33027.0,0.6703964716747624,7,0.7116297597904946,7,28,South,4
Tamil Nadu,Tiruppur,33032.0,0.6940689441761417,7,0.7333107451386385,7,28,South,4
Tamil Nadu,Tiruvannamalai,33005.0,0.6942683587562607,7,0.6999758918767458,7,28,South,4
Tamil Nadu,Vellore,33004.0,0.6635099147076206,6,0.7024964453458639,7,28,South,4
Tamil Nadu,Viluppuram,33006.0,0.6843302055253363,7,0.6812440429768246,6,28,South,4
Tamil Nadu,Virudhunagar,33023.0,0.6554314111620915,6,0.6840331634637999,6,28,South,4
Telangana,Adilabad,36001.0,0.5651792934410328,2,0.5777800285529264,2,29,South,4
Telangana,Bhadradri Kothagudem,,0.6048108615457032,4,0.6420073352180422,5,29,South,4
Telangana,Hyderabad,36005.0,0.5669547946838788,2,0.6580903389140347,5,29,South,4
Telangana,Jagitial,,0.583164001485113,3,0.6223982784753871,4,29,South,4
Telangana,Jangoan,,0.5926687278242777,3,0.6343435379750002,4,29,South,4
Telangana,Jayashankar Bhupalapally,,0.5964416140723767,3,0.6125052912144875,4,29,South,4
Telangana,Jogulamba Gadwal,,0.5991838182749398,4,0.6050490035037754,3,29,South,4
Telangana,Kamareddy,,0.5681268201562975,2,0.5910785434026524,3,29,South,4
Telangana,Karimnagar,36003.0,0.5475981040418536,1,0.6150868063138613,4,29,South,4
Telangana,Khammam,36010.0,0.5953169286270836,3,0.6514166887583885,5,29,South,4
Telangana,Komaram Bheem Asifabad,,0.5945788386573799,3,0.587129290583926,3,29,South,4
Telangana,Mahabubabad,36007.0,0.5882324003769902,3,0.6141803123764992,4,29,South,4
Telangana,Mahabubnagar,36007.0,0.6289530802046575,5,0.6410107072775549,5,29,South,4
Telangana,Mancherial,,0.5576243074206787,2,0.614767331672933,4,29,South,4
Telangana,Medak,36004.0,0.554214999427319,2,0.5816426448210107,3,29,South,4
Telangana,Medchal-Malkajgiri,,0.5867265015754589,3,0.6628404420148398,6,29,South,4
Telangana,Nagarkurnool,,0.6127940827039419,4,0.6255355295622583,4,29,South,4
Telangana,Nalgonda,36008.0,0.6146733360275944,4,0.6378508645953599,5,29,South,4
Telangana,Nirmal,,0.5830144302496455,3,0.609432772670994,4,29,South,4
Telangana,Nizamabad,36002.0,0.5845496519564554,3,0.6259499401100543,4,29,South,4
Telangana,Peddapalli,,0.5984637429472833,3,0.6442638381307221,5,29,South,4
Telangana,Rajanna Sircilla,,0.6062464932280808,4,0.6488617186696137,5,29,South,4
Telangana,Ranga Reddy,36006.0,0.5827242602756657,3,0.6439035740016026,5,29,South,4
Telangana,Sangareddy,,0.5747444584857997,2,0.6049199250326864,3,29,South,4
Telangana,Siddipet,,0.576072279100407,2,0.6324642352502312,4,29,South,4
Telangana,Suryapet,,0.5637627059031259,2,0.6185041344163522,4,29,South,4
Telangana,Vikarabad,,0.5479012033304308,1,0.5636798630752857,2,29,South,4
Telangana,Wanaparthy,,0.6096012702500649,4,0.6214320691622122,4,29,South,4
Telangana,Warangal Rural,36009.0,0.570568881862589,2,0.6075854138127068,3,29,South,4
Telangana,Warangal Urban,36009.0,0.5829968706114199,3,0.6451399942840321,5,29,South,4
Telangana,Yadadri Bhuvanagiri,,0.6035883429853836,4,0.6485450146368252,5,29,South,4
Tripura,Dhalai,16003.0,0.5594850952562176,2,0.520397231203108,1,30,North-East,3
Tripura,Gomati,,0.5204900628753547,1,0.5405903437578348,1,30,North-East,3
Tripura,Khowai,,0.5359437239712328,1,0.5344588831952111,1,30,North-East,3
Tripura,North Tripura,16004.0,0.5336544757117031,1,0.5364303111197041,1,30,North-East,3
Tripura,Sepahijala,,0.5189066129456256,1,0.5420044513906757,1,30,North-East,3
Tripura,South Tripura,16002.0,0.47855365429151214,0,0.4996676479070391,0,30,North-East,3
Tripura,Unakoti,,0.45590231854949864,0,0.4698850441728557,0,30,North-East,3
Tripura,West Tripura,16001.0,0.5954541872001088,3,0.6279955947070951,4,30,North-East,3
Uttarakhand,Almora,5009.0,0.6285802830659845,5,0.665829650114228,6,32,North,2
Uttarakhand,Bageshwar,5008.0,0.6399951868637811,5,0.6640300911050646,6,32,North,2
Uttarakhand,Chamoli,5002.0,0.6547754728472361,6,0.6769875619153717,6,32,North,2
Uttarakhand,Champawat,5010.0,0.6701354092117294,7,0.677016197758155,6,32,North,2
Uttarakhand,Dehradun,5005.0,0.634393282867484,5,0.6915153953586824,7,32,North,2
Uttarakhand,Hardwar,,0.5495372676159836,1,0.5997827247050342,3,32,North,2
Uttarakhand,Nainital,5011.0,0.607182602777582,4,0.6621857524342569,6,32,North,2
Uttarakhand,Pauri Garhwal,5006.0,0.5718034389962683,2,0.613559897012056,4,32,North,2
Uttarakhand,Pithoragarh,5007.0,0.6663413048928165,6,0.6825748999886441,6,32,North,2
Uttarakhand,Rudraprayag,5003.0,0.6709719991056451,7,0.6843594419261556,6,32,North,2
Uttarakhand,Tehri Garhwal,5004.0,0.6165700819796852,4,0.6248630135920619,4,32,North,2
Uttarakhand,Udham Singh Nagar,5012.0,0.6134415624578261,4,0.6454453056483288,5,32,North,2
Uttarakhand,Uttarkashi,5001.0,0.6463798219687574,6,0.644345385045487,5,32,North,2
Uttar Pradesh,Agra,9015.0,0.5693897551156601,2,0.5805551602894397,3,31,Central,0
Uttar Pradesh,Aligarh,9012.0,0.5650034088490047,2,0.5763560486978468,2,31,Central,0
Uttar Pradesh,Ambedkar Nagar,9047.0,0.5531140838949603,2,0.5548345543458181,2,31,Central,0
Uttar Pradesh,Amethi,,0.564625514693985,2,0.5443864777595891,1,31,Central,0
Uttar Pradesh,Auraiya,9031.0,0.6072041356512282,4,0.5912751084064871,3,31,Central,0
Uttar Pradesh,Azamgarh,9060.0,0.5174877250457446,1,0.5534667321371872,2,31,Central,0
Uttar Pradesh,Baghpat,9008.0,0.5902397335878773,3,0.6105060554039048,4,31,Central,0
Uttar Pradesh,Bahraich,9049.0,0.4015492586538412,0,0.368544368417636,0,31,Central,0
Uttar Pradesh,Ballia,9062.0,0.5396262939504938,1,0.5488202874017581,2,31,Central,0
Uttar Pradesh,Balrampur,9051.0,0.46412940090896726,0,0.43171465426416533,0,31,Central,0
Uttar Pradesh,Banda,9039.0,0.5380403576105809,1,0.5009065828960269,0,31,Central,0
Uttar Pradesh,Bara Banki,9045.0,0.45974575855157823,0,0.4480726890905249,0,31,Central,0
Uttar Pradesh,Bareilly,9019.0,0.5779731761991597,3,0.5714209729212881,2,31,Central,0
Uttar Pradesh,Basti,9054.0,0.5619981972072905,2,0.5646916563871275,2,31,Central,0
Uttar Pradesh,Bijnor,9003.0,0.6137070440685924,4,0.6186994147964151,4,31,Central,0
Uttar Pradesh,Budaun,9018.0,0.5260500529395137,1,0.49208347171369116,0,31,Central,0
Uttar Pradesh,Bulandshahr,9011.0,0.5586653949255771,2,0.5782223443960912,3,31,Central,0
Uttar Pradesh,Chandauli,9065.0,0.5661051006235265,2,0.5592480644479713,2,31,Central,0
Uttar Pradesh,Chitrakoot,9040.0,0.5291994636069064,1,0.4959611632159615,0,31,Central,0
Uttar Pradesh,Deoria,9059.0,0.5833881642400085,3,0.5969411222013188,3,31,Central,0
Uttar Pradesh,Etah,9070.0,0.5222950252122243,1,0.5105429267327161,0,31,Central,0
Uttar Pradesh,Etawah,9030.0,0.5991590993117487,4,0.5970860377376704,3,31,Central,0
Uttar Pradesh,Faizabad,9046.0,0.5278389324405923,1,0.5395878518339202,1,31,Central,0
Uttar Pradesh,Farrukhabad,9028.0,0.5742050588067394,2,0.5511727481332287,2,31,Central,0
Uttar Pradesh,Fatehpur,9041.0,0.534897099286504,1,0.4853640287886507,0,31,Central,0
Uttar Pradesh,Firozabad,9016.0,0.5217873282145864,1,0.5398469679645341,1,31,Central,0
Uttar Pradesh,Gautam Buddha Nagar,9010.0,0.594192248636629,3,0.6337904900592136,4,31,Central,0
Uttar Pradesh,Ghaziabad,9009.0,0.5822205192258598,3,0.6488348254124994,5,31,Central,0
Uttar Pradesh,Ghazipur,9064.0,0.5536223653330554,2,0.5536272425434254,2,31,Central,0
Uttar Pradesh,Gonda,9052.0,0.47098099820531425,0,0.46575805870275344,0,31,Central,0
Uttar Pradesh,Gorakhpur,9057.0,0.5908708384969082,3,0.6008465262482857,3,31,Central,0
Uttar Pradesh,Hamirpur,9037.0,0.6403719531105257,5,0.6035442916944584,3,31,Central,0
Uttar Pradesh,Hapur,,0.6271793364207714,5,0.6423455631615467,5,31,Central,0
Uttar Pradesh,Hardoi,9024.0,0.5299301064663668,1,0.48066456793663664,0,31,Central,0
Uttar Pradesh,Jalaun,9034.0,0.5889928583982545,3,0.5828206201287929,3,31,Central,0
Uttar Pradesh,Jaunpur,9063.0,0.6020142215498994,4,0.6010536218812988,3,31,Central,0
Uttar Pradesh,Jhansi,9035.0,0.5943051263989492,3,0.5938602376918196,3,31,Central,0
Uttar Pradesh,Jyotiba Phule Nagar,9006.0,0.57842636425749,3,0.5795310048744506,3,31,Central,0
Uttar Pradesh,Kannauj,9029.0,0.5773254205592606,3,0.5485458794477578,1,31,Central,0
Uttar Pradesh,Kanpur Dehat,9032.0,0.5391235386623688,1,0.5171349076994669,1,31,Central,0
Uttar Pradesh,Kanpur Nagar,9033.0,0.6079488918282793,4,0.617370160652128,4,31,Central,0
Uttar Pradesh,Kanshiram Nagar,9071.0,0.5060999765066762,0,0.4950897127671867,0,31,Central,0
Uttar Pradesh,Kaushambi,9043.0,0.5641762441493862,2,0.5152574509735958,1,31,Central,0
Uttar Pradesh,Kheri,9022.0,0.5071205465764616,0,0.48463434269442585,0,31,Central,0
Uttar Pradesh,Kushinagar,9058.0,0.5706893182748405,2,0.5724032779546777,2,31,Central,0
Uttar Pradesh,Lalitpur,9036.0,0.5843267584302546,3,0.5415873805373322,1,31,Central,0
Uttar Pradesh,Lucknow,9026.0,0.5596752806475477,2,0.6079564389858232,3,31,Central,0
Uttar Pradesh,Mahamaya Nagar,9013.0,0.5023440825138424,0,0.5264859317371127,1,31,Central,0
Uttar Pradesh,Mahoba,9038.0,0.5878582680893597,3,0.5854094729308097,3,31,Central,0
Uttar Pradesh,Mahrajganj,9056.0,0.6197937865340101,5,0.5753490740756331,2,31,Central,0
Uttar Pradesh,Mainpuri,9017.0,0.568895289905888,2,0.5645668008532014,2,31,Central,0
Uttar Pradesh,Mathura,9014.0,0.5099315572465476,0,0.5283772674482885,1,31,Central,0
Uttar Pradesh,Mau,9061.0,0.5644118617753939,2,0.5893356732618551,3,31,Central,0
Uttar Pradesh,Meerut,9007.0,0.6029655093119133,4,0.6368499156517251,5,31,Central,0
Uttar Pradesh,Mirzapur,9068.0,0.5451979966385901,1,0.5469296296408026,1,31,Central,0
Uttar Pradesh,Moradabad,9004.0,0.5790694030819229,3,0.6004309603920317,3,31,Central,0
Uttar Pradesh,Muzaffarnagar,9002.0,0.5689726169262657,2,0.5985718540627599,3,31,Central,0
Uttar Pradesh,Pilibhit,9020.0,0.581212656088848,3,0.56077506848182,2,31,Central,0
Uttar Pradesh,Pratapgarh,9042.0,0.5408407719956648,1,0.5436155417455204,1,31,Central,0
Uttar Pradesh,Prayagraj,9044.0,0.5304601415871453,1,0.5430556454347976,1,31,Central,0
Uttar Pradesh,Rae Bareli,9027.0,0.5560668937765123,2,0.5192486499499459,1,31,Central,0
Uttar Pradesh,Rampur,9005.0,0.5565235730510867,2,0.5642962414431621,2,31,Central,0
Uttar Pradesh,Saharanpur,9001.0,0.6080198646540442,4,0.625377311979994,4,31,Central,0
Uttar Pradesh,Sambhal,,0.5446361487770857,1,0.5270206781183873,1,31,Central,0
Uttar Pradesh,Sant Kabir Nagar,9055.0,0.5856732961486991,3,0.5738227411117077,2,31,Central,0
Uttar Pradesh,Sant Ravidas Nagar (Bhadohi),9067.0,0.5326946214173487,1,0.5457610684139549,1,31,Central,0
Uttar Pradesh,Shahjahanpur,9021.0,0.5530996398862615,2,0.5159393439649109,1,31,Central,0
Uttar Pradesh,Shamli,,0.6064288339470234,4,0.6140181403658085,4,31,Central,0
Uttar Pradesh,Shrawasti,9050.0,0.4801236279940945,0,0.4214075523857835,0,31,Central,0
Uttar Pradesh,Siddharthnagar,9053.0,0.5375449361791741,1,0.5036944468771198,0,31,Central,0
Uttar Pradesh,Sitapur,9023.0,0.5284076577028505,1,0.4763633477580022,0,31,Central,0
Uttar Pradesh,Sonbhadra,9069.0,0.5417565046860109,1,0.503436199456257,0,31,Central,0
Uttar Pradesh,Sultanpur,9048.0,0.5729014577031063,2,0.5711014896823493,2,31,Central,0
Uttar Pradesh,Unnao,9025.0,0.4779280505564382,0,0.45965825563314244,0,31,Central,0
Uttar Pradesh,Varanasi,9066.0,0.6303802089488186,5,0.6530483290435319,5,31,Central,0
West Bengal,Bankura,19013.0,0.555658414045892,2,0.5362479572670141,1,33,East,1
West Bengal,Birbhum,19008.0,0.6032778223476298,4,0.5932058502090299,3,33,East,1
West Bengal,Dakshin Dinajpur,19005.0,0.6451161454710429,6,0.6459920313488778,5,33,East,1
West Bengal,Darjeeling,19001.0,0.6277852307611654,5,0.6446818746161049,5,33,East,1
West Bengal,Haora,19015.0,0.5975916174702169,3,0.6437214113108877,5,33,East,1
West Bengal,Hugli,19012.0,0.5984410606319169,3,0.6300167426256189,4,33,East,1
West Bengal,Jalpaiguri,19002.0,0.6469286912935668,6,0.6430037747055011,5,33,East,1
West Bengal,Koch Bihar,19003.0,0.6214241379618881,5,0.6236038242501767,4,33,East,1
West Bengal,Kolkata,19016.0,0.6000909016536673,4,0.6596094754095434,5,33,East,1
West Bengal,Maldah,19006.0,0.592911623875736,3,0.5922944414165816,3,33,East,1
West Bengal,Murshidabad,19007.0,0.5824404339686596,3,0.5895939336334675,3,33,East,1
West Bengal,Nadia,19010.0,0.5976291120545132,3,0.6248406390873495,4,33,East,1
West Bengal,North Twenty Four Parganas,19011.0,0.6495079996058462,6,0.6805951877454983,6,33,East,1
West Bengal,Paschim Barddhaman,19009.0,0.5581318329199485,2,0.5877470697134133,3,33,East,1
West Bengal,Paschim Medinipur,19018.0,0.5801951726448785,3,0.5755382801525356,2,33,East,1
West Bengal,Purba Barddhaman,19018.0,0.5940871147200499,3,0.5951341874612834,3,33,East,1
West Bengal,Purba Medinipur,19019.0,0.5512445708507836,2,0.5652238445325,2,33,East,1
West Bengal,Puruliya,19014.0,0.5347510946330346,1,0.4895092507735142,0,33,East,1
West Bengal,South Twenty Four Parganas,19017.0,0.6329090682557573,5,0.6470779738141265,5,33,East,1
West Bengal,Uttar Dinajpur,19004.0,0.5920528413231617,3,0.5867246048301948,3,33,East,1
